Metric,Value
Accuracy,0.8305092264017033
Precision,0.926947129050597
Recall,0.7623314891295878
F1 Score,0.836618634284004
ROC AUC,0.9398695229079808
