Metric,Value
Accuracy,0.6080997161107168
Precision,0.8967844382691544
Recall,0.352061092495909
F1 Score,0.5056236360584186
ROC AUC,0.746764041381927
